mid,runs,wickets,overs,runs_last_5,wickets_last_5,total
1,1,0,0.1,1,0,222
1,1,0,0.2,1,0,222
1,2,0,0.2,2,0,222
1,2,0,0.3,2,0,222
1,2,0,0.4,2,0,222
1,2,0,0.5,2,0,222
1,3,0,0.6,3,0,222
1,3,0,1.1,3,0,222
1,7,0,1.2,7,0,222
1,11,0,1.3,11,0,222
1,17,0,1.4,17,0,222
1,21,0,1.5,21,0,222
1,21,0,1.6,21,0,222
1,21,0,2.1,21,0,222
1,21,0,2.2,21,0,222
1,22,0,2.3,22,0,222
1,26,0,2.4,26,0,222
1,27,0,2.5,27,0,222
1,27,0,2.6,27,0,222
1,32,0,3,32,0,222
1,38,0,3.1,38,0,222
1,39,0,3.2,39,0,222
1,43,0,3.3,43,0,222
1,43,0,3.4,43,0,222
1,44,0,3.5,44,0,222
1,50,0,3.6,50,0,222
1,54,0,4.1,54,0,222
1,55,0,4.2,55,0,222
1,59,0,4.3,59,0,222
1,59,0,4.4,59,0,222
1,60,0,4.5,59,0,222
1,60,0,4.6,59,0,222
1,61,0,5.1,59,0,222
1,61,1,5.2,59,1,222
1,61,1,5.3,59,1,222
1,61,1,5.4,59,1,222
1,61,1,5.5,58,1,222
1,61,1,5.6,58,1,222
1,62,1,6.1,55,1,222
1,63,1,6.2,52,1,222
1,64,1,6.3,47,1,222
1,66,1,6.4,45,1,222
1,67,1,6.5,46,1,222
1,68,1,6.6,47,1,222
1,68,1,7.1,47,1,222
1,69,1,7.2,47,1,222
1,70,1,7.3,44,1,222
1,71,1,7.4,44,1,222
1,72,1,7.5,45,1,222
1,73,1,7.6,41,1,222
1,73,1,8.1,35,1,222
1,73,1,8.2,34,1,222
1,73,1,8.3,30,1,222
1,74,1,8.4,31,1,222
1,75,1,8.5,31,1,222
1,77,1,8.6,27,1,222
1,78,1,9.1,24,1,222
1,79,1,9.2,24,1,222
1,80,1,9.3,21,1,222
1,80,1,9.4,21,1,222
1,86,1,9.5,26,1,222
1,87,1,9.6,27,1,222
1,88,1,10.1,27,1,222
1,92,1,10.2,31,0,222
1,92,1,10.3,31,0,222
1,98,1,10.4,37,0,222
1,98,1,10.5,37,0,222
1,102,1,10.6,41,0,222
1,102,1,11.1,40,0,222
1,108,1,11.2,45,0,222
1,110,1,11.3,46,0,222
1,111,1,11.4,45,0,222
1,111,1,11.5,44,0,222
1,112,1,11.6,44,0,222
1,112,2,12.1,44,1,222
1,116,2,12.2,47,1,222
1,116,2,12.3,46,1,222
1,118,2,12.4,47,1,222
1,119,2,12.4,47,1,222
1,123,2,12.5,50,1,222
1,124,2,12.6,51,1,222
1,125,2,13.1,52,1,222
1,125,2,13.2,52,1,222
1,126,2,13.3,52,1,222
1,127,2,13.4,52,1,222
1,128,2,13.5,51,1,222
1,130,2,13.6,52,1,222
1,134,2,14.1,55,1,222
1,135,2,14.2,55,1,222
1,141,2,14.3,61,1,222
1,145,2,14.4,59,1,222
1,147,2,14.4,60,1,222
1,148,2,14.5,60,1,222
1,154,2,14.6,62,1,222
1,154,2,15.1,62,1,222
1,155,2,15.2,57,1,222
1,157,2,15.3,59,1,222
1,157,2,15.4,55,1,222
1,158,2,15.5,56,1,222
1,158,2,15.6,50,1,222
1,159,2,16.1,49,1,222
1,161,2,16.2,50,1,222
1,162,2,16.3,51,1,222
1,168,2,16.4,56,1,222
1,170,2,16.5,58,0,222
1,172,2,16.6,56,0,222
1,172,3,17.1,56,1,222
1,173,3,17.2,55,1,222
1,173,3,17.3,54,1,222
1,174,3,17.4,51,1,222
1,178,3,17.5,54,1,222
1,179,3,17.6,54,1,222
1,185,3,18.1,60,1,222
1,185,3,18.2,59,1,222
1,191,3,18.3,64,1,222
1,195,3,18.4,67,1,222
1,196,3,18.5,66,1,222
1,200,3,18.6,66,1,222
1,206,3,19.1,71,1,222
1,212,3,19.2,71,1,222
1,214,3,19.3,69,1,222
1,214,3,19.4,67,1,222
1,216,3,19.5,68,1,222
1,222,3,19.6,68,1,222
2,0,0,0.1,0,0,240
2,0,0,0.2,0,0,240
2,1,0,0.3,1,0,240
2,1,0,0.4,1,0,240
2,5,0,0.5,5,0,240
2,5,0,0.6,5,0,240
2,9,0,1.1,9,0,240
2,13,0,1.2,13,0,240
2,17,0,1.3,17,0,240
2,19,0,1.4,19,0,240
2,20,0,1.4,20,0,240
2,20,0,1.5,20,0,240
2,20,0,1.6,20,0,240
2,20,0,2.1,20,0,240
2,25,0,2.1,25,0,240
2,25,0,2.2,25,0,240
2,26,0,2.3,26,0,240
2,26,1,2.4,26,1,240
2,27,1,2.5,27,1,240
2,27,1,2.6,27,1,240
2,27,1,3.1,27,1,240
2,27,1,3.2,27,1,240
2,28,1,3.3,28,1,240
2,29,1,3.4,29,1,240
2,29,1,3.5,29,1,240
2,33,1,3.6,33,1,240
2,33,1,4.1,33,1,240
2,34,1,4.2,34,1,240
2,38,1,4.3,38,1,240
2,42,1,4.4,42,1,240
2,42,1,4.5,42,1,240
2,42,1,4.6,42,1,240
2,46,1,5.1,45,1,240
2,52,1,5.2,51,1,240
2,52,1,5.3,47,1,240
2,53,1,5.4,48,1,240
2,53,1,5.5,44,1,240
2,53,1,5.6,40,1,240
2,57,1,6.1,40,1,240
2,57,2,6.2,38,2,240
2,58,2,6.3,38,2,240
2,60,2,6.4,40,2,240
2,61,2,6.5,41,2,240
2,62,2,6.6,42,2,240
2,62,3,7.1,37,3,240
2,63,3,7.2,38,3,240
2,63,3,7.3,37,3,240
2,64,3,7.4,38,2,240
2,70,3,7.5,43,2,240
2,70,3,7.6,43,2,240
2,71,3,8.1,44,2,240
2,75,3,8.2,48,2,240
2,76,3,8.3,48,2,240
2,76,3,8.4,47,2,240
2,82,3,8.5,53,2,240
2,83,3,8.6,50,2,240
2,85,3,9.1,52,2,240
2,86,3,9.2,52,2,240
2,87,3,9.3,49,2,240
2,87,3,9.4,45,2,240
2,87,3,9.5,45,2,240
2,88,3,9.6,46,2,240
2,94,3,10.1,48,2,240
2,95,3,10.2,43,2,240
2,97,3,10.3,45,2,240
2,97,3,10.4,44,2,240
2,103,3,10.5,50,2,240
2,107,3,10.6,54,2,240
2,113,3,11.1,56,2,240
2,117,3,11.2,60,1,240
2,118,3,11.3,60,1,240
2,124,3,11.4,64,1,240
2,125,3,11.5,64,1,240
2,127,3,11.6,65,1,240
2,128,3,12,66,0,240
2,128,4,12.1,65,1,240
2,129,4,12.2,66,1,240
2,130,4,12.2,66,1,240
2,130,4,12.3,60,1,240
2,131,4,12.4,61,1,240
2,132,4,12.5,61,1,240
2,133,4,12.6,58,1,240
2,134,4,13.1,58,1,240
2,134,4,13.2,58,1,240
2,135,4,13.3,53,1,240
2,136,4,13.4,53,1,240
2,142,4,13.5,57,1,240
2,143,4,13.6,57,1,240
2,147,4,14.1,60,1,240
2,148,4,14.2,61,1,240
2,150,4,14.3,63,1,240
2,151,4,14.4,63,1,240
2,155,4,14.5,61,1,240
2,161,4,14.6,66,1,240
2,167,4,15.1,70,1,240
2,167,4,15.2,70,1,240
2,167,5,15.3,64,2,240
2,167,5,15.4,60,2,240
2,168,5,15.5,55,2,240
2,169,5,15.6,52,2,240
2,170,5,16.1,52,2,240
2,171,5,16.2,47,2,240
2,177,5,16.3,52,2,240
2,181,5,16.4,54,2,240
2,182,5,16.5,54,2,240
2,183,5,16.6,55,1,240
2,183,5,17.1,54,1,240
2,187,5,17.2,57,1,240
2,188,5,17.3,58,1,240
2,190,5,17.4,59,1,240
2,196,5,17.5,64,1,240
2,200,5,17.6,67,1,240
2,204,5,18.1,70,1,240
2,205,5,18.2,71,1,240
2,206,5,18.3,71,1,240
2,207,5,18.4,71,1,240
2,213,5,18.5,71,1,240
2,215,5,18.6,72,1,240
2,221,5,19.1,74,1,240
2,227,5,19.2,79,1,240
2,231,5,19.3,81,1,240
2,232,5,19.4,81,1,240
2,238,5,19.5,83,1,240
2,240,5,19.6,79,1,240
3,0,0,0.1,0,0,129
3,0,0,0.2,0,0,129
3,0,0,0.3,0,0,129
3,1,0,0.3,1,0,129
3,1,0,0.4,1,0,129
3,1,0,0.5,1,0,129
3,7,0,0.6,7,0,129
3,8,0,1.1,8,0,129
3,8,0,1.2,8,0,129
3,8,0,1.3,8,0,129
3,9,0,1.4,9,0,129
3,13,0,1.5,13,0,129
3,17,0,1.6,17,0,129
3,17,0,2.1,17,0,129
3,17,0,2.2,17,0,129
3,17,1,2.3,17,1,129
3,17,1,2.4,17,1,129
3,17,1,2.5,17,1,129
3,17,1,2.6,17,1,129
3,18,1,3.1,18,1,129
3,22,1,3.2,22,1,129
3,26,1,3.3,26,1,129
3,27,1,3.4,27,1,129
3,27,2,3.5,27,2,129
3,31,2,3.6,31,2,129
3,31,2,4.1,31,2,129
3,31,2,4.2,31,2,129
3,32,2,4.3,32,2,129
3,36,2,4.4,36,2,129
3,36,2,4.5,36,2,129
3,37,2,4.6,37,2,129
3,37,2,5.1,37,2,129
3,38,2,5.2,38,2,129
3,38,2,5.3,37,2,129
3,39,2,5.4,38,2,129
3,40,2,5.5,39,2,129
3,40,2,5.6,33,2,129
3,40,2,6.1,32,2,129
3,41,3,6.2,33,3,129
3,43,3,6.3,35,3,129
3,43,3,6.4,34,3,129
3,43,3,6.5,30,3,129
3,44,3,6.6,27,3,129
3,45,3,7.1,28,3,129
3,46,3,7.2,29,3,129
3,47,3,7.3,30,2,129
3,47,4,7.4,30,3,129
3,47,4,7.5,30,3,129
3,48,4,7.6,31,3,129
3,48,4,8.1,30,3,129
3,48,4,8.2,26,3,129
3,49,4,8.3,23,3,129
3,50,4,8.4,23,3,129
3,50,4,8.5,23,2,129
3,51,4,8.6,20,2,129
3,52,4,9.1,21,2,129
3,53,4,9.2,22,2,129
3,54,4,9.3,22,2,129
3,55,4,9.4,19,2,129
3,56,4,9.5,20,2,129
3,57,4,9.6,20,2,129
3,57,4,10.1,20,2,129
3,57,4,10.2,19,2,129
3,57,5,10.3,19,3,129
3,58,5,10.4,19,3,129
3,58,5,10.5,18,3,129
3,59,5,10.6,19,3,129
3,65,5,11.1,25,3,129
3,69,5,11.2,28,2,129
3,70,5,11.3,27,2,129
3,70,5,11.4,27,2,129
3,71,5,11.5,28,2,129
3,71,5,11.6,27,2,129
3,71,6,12.1,26,3,129
3,75,6,12.2,29,3,129
3,76,6,12.3,29,3,129
3,78,6,12.3,31,2,129
3,78,6,12.4,31,2,129
3,79,6,12.5,31,2,129
3,80,6,12.6,32,2,129
3,84,6,13.1,36,2,129
3,85,6,13.2,36,2,129
3,86,6,13.3,36,2,129
3,86,6,13.4,36,2,129
3,87,6,13.5,36,2,129
3,87,6,13.6,35,2,129
3,93,6,14.1,40,2,129
3,93,7,14.2,39,3,129
3,93,7,14.3,38,3,129
3,94,7,14.4,38,3,129
3,95,7,14.5,38,3,129
3,96,7,14.6,39,3,129
3,96,7,15.1,39,3,129
3,96,7,15.2,39,2,129
3,100,7,15.3,42,2,129
3,100,7,15.4,42,2,129
3,104,7,15.5,45,2,129
3,106,7,15.6,41,2,129
3,107,7,16.1,38,2,129
3,107,7,16.2,37,2,129
3,108,7,16.3,38,2,129
3,108,7,16.4,37,2,129
3,109,7,16.5,38,2,129
3,110,7,16.6,39,1,129
3,110,8,17.1,35,2,129
3,110,8,17.2,34,2,129
3,110,8,17.3,32,2,129
3,110,8,17.4,32,2,129
3,111,8,17.5,32,2,129
3,111,8,17.6,31,2,129
3,111,8,18.1,27,2,129
3,112,8,18.2,27,2,129
3,116,8,18.3,30,2,129
3,120,8,18.4,34,2,129
3,120,8,18.5,33,2,129
3,121,8,18.6,34,2,129
3,125,8,19.1,32,2,129
3,125,8,19.2,32,1,129
3,126,8,19.3,33,1,129
3,127,8,19.4,33,1,129
3,129,8,19.5,34,1,129
3,129,8,19.6,33,1,129
4,0,0,0.1,0,0,165
4,4,0,0.2,4,0,165
4,4,0,0.3,4,0,165
4,4,0,0.4,4,0,165
4,8,0,0.5,8,0,165
4,8,0,0.6,8,0,165
4,9,0,1.1,9,0,165
4,9,0,1.2,9,0,165
4,9,0,1.3,9,0,165
4,9,0,1.4,9,0,165
4,9,1,1.5,9,1,165
4,13,1,1.6,13,1,165
4,13,1,2.1,13,1,165
4,17,1,2.2,17,1,165
4,17,1,2.3,17,1,165
4,18,1,2.4,18,1,165
4,18,1,2.5,18,1,165
4,19,1,2.5,19,1,165
4,19,1,2.6,19,1,165
4,19,1,3.1,19,1,165
4,20,1,3.2,20,1,165
4,20,1,3.3,20,1,165
4,20,2,3.4,20,2,165
4,22,2,3.5,22,2,165
4,22,2,3.6,22,2,165
4,23,2,4,23,2,165
4,27,2,4.1,27,2,165
4,31,2,4.2,31,2,165
4,31,2,4.3,31,2,165
4,35,2,4.4,35,2,165
4,35,2,4.5,35,2,165
4,41,2,4.6,37,2,165
4,42,2,5.1,38,2,165
4,46,2,5.2,42,2,165
4,46,2,5.3,38,2,165
4,46,3,5.4,38,3,165
4,47,3,5.5,38,3,165
4,47,3,5.6,38,3,165
4,48,3,6.1,39,3,165
4,48,3,6.2,39,3,165
4,49,3,6.3,40,2,165
4,53,3,6.4,40,2,165
4,54,3,6.5,41,2,165
4,54,3,6.6,37,2,165
4,54,3,7.1,37,2,165
4,55,3,7.2,37,2,165
4,56,3,7.3,38,2,165
4,57,3,7.4,38,2,165
4,58,3,7.5,39,2,165
4,60,3,7.6,41,2,165
4,61,3,8.1,41,2,165
4,62,3,8.2,42,2,165
4,63,3,8.3,43,1,165
4,67,3,8.4,45,1,165
4,68,3,8.5,46,1,165
4,72,3,8.6,49,1,165
4,72,3,9.1,45,1,165
4,73,3,9.2,42,1,165
4,73,3,9.3,42,1,165
4,74,3,9.4,39,1,165
4,74,3,9.5,39,1,165
4,74,3,9.6,33,1,165
4,75,3,10.1,33,1,165
4,76,3,10.2,30,1,165
4,80,3,10.3,34,1,165
4,81,3,10.4,35,0,165
4,81,3,10.5,34,0,165
4,81,3,10.6,34,0,165
4,81,3,11.1,33,0,165
4,83,3,11.2,35,0,165
4,84,3,11.3,35,0,165
4,84,3,11.4,31,0,165
4,88,3,11.5,34,0,165
4,94,3,11.6,40,0,165
4,94,3,12.1,40,0,165
4,95,3,12.2,40,0,165
4,95,3,12.3,39,0,165
4,95,3,12.4,38,0,165
4,96,3,12.5,38,0,165
4,97,3,12.6,37,0,165
4,97,3,13.1,36,0,165
4,97,3,13.2,35,0,165
4,97,4,13.3,34,1,165
4,98,4,13.4,31,1,165
4,98,4,13.5,30,1,165
4,99,4,13.6,27,1,165
4,100,4,14.1,28,1,165
4,101,4,14.2,28,1,165
4,102,4,14.3,29,1,165
4,102,4,14.4,28,1,165
4,104,4,14.5,30,1,165
4,105,4,14.6,31,1,165
4,106,4,15.1,31,1,165
4,107,4,15.2,31,1,165
4,108,4,15.3,28,1,165
4,109,4,15.3,28,1,165
4,110,4,15.4,29,1,165
4,114,4,15.5,33,1,165
4,118,4,15.6,37,1,165
4,119,4,16.1,36,1,165
4,120,4,16.2,36,1,165
4,124,4,16.3,40,1,165
4,125,4,16.4,37,1,165
4,125,5,16.5,31,2,165
4,129,5,16.6,35,2,165
4,131,5,17.1,36,2,165
4,137,5,17.2,42,2,165
4,138,5,17.3,43,2,165
4,142,5,17.4,46,2,165
4,148,5,17.5,51,2,165
4,149,5,17.6,52,2,165
4,150,5,18.1,53,2,165
4,151,5,18.2,54,1,165
4,151,5,18.3,53,1,165
4,152,5,18.4,54,1,165
4,152,6,18.5,53,2,165
4,158,6,18.6,58,2,165
4,159,6,19.1,58,2,165
4,159,6,19.2,57,2,165
4,163,6,19.3,61,2,165
4,164,6,19.4,60,2,165
4,165,6,19.5,60,2,165
4,165,7,19.6,59,3,165
5,1,0,0.1,1,0,110
5,2,0,0.1,2,0,110
5,4,0,0.2,4,0,110
5,4,0,0.3,4,0,110
5,4,0,0.4,4,0,110
5,4,0,0.5,4,0,110
5,9,0,0.6,9,0,110
5,10,0,1.1,10,0,110
5,11,0,1.2,11,0,110
5,11,0,1.3,11,0,110
5,12,0,1.4,12,0,110
5,13,0,1.4,13,0,110
5,13,0,1.5,13,0,110
5,14,0,1.5,14,0,110
5,14,0,1.6,14,0,110
5,15,0,2.1,15,0,110
5,15,0,2.2,15,0,110
5,15,0,2.3,15,0,110
5,16,0,2.4,16,0,110
5,20,0,2.5,20,0,110
5,21,0,2.6,21,0,110
5,21,0,3.1,21,0,110
5,21,1,3.2,21,1,110
5,21,1,3.3,21,1,110
5,21,1,3.4,21,1,110
5,21,1,3.5,21,1,110
5,21,1,3.6,21,1,110
5,22,1,4.1,22,1,110
5,22,1,4.2,22,1,110
5,22,2,4.3,22,2,110
5,23,2,4.4,22,2,110
5,23,2,4.5,21,2,110
5,23,2,4.6,19,2,110
5,29,2,5.1,25,2,110
5,29,2,5.2,25,2,110
5,35,2,5.3,31,2,110
5,39,2,5.4,30,2,110
5,39,2,5.5,29,2,110
5,39,2,5.6,28,2,110
5,40,2,6.1,29,2,110
5,40,2,6.2,28,2,110
5,41,2,6.3,28,2,110
5,45,2,6.4,32,2,110
5,45,2,6.5,31,2,110
5,45,2,6.6,31,2,110
5,45,2,7.1,30,2,110
5,46,2,7.1,31,2,110
5,46,2,7.2,31,2,110
5,47,2,7.3,31,2,110
5,47,2,7.4,27,2,110
5,47,2,7.5,26,2,110
5,47,2,7.6,26,2,110
5,47,3,8.1,26,2,110
5,47,3,8.2,26,2,110
5,47,3,8.3,26,2,110
5,47,4,8.4,26,3,110
5,47,4,8.5,26,3,110
5,48,4,8.6,26,3,110
5,49,4,9.1,27,3,110
5,50,4,9.2,28,2,110
5,51,4,9.3,28,2,110
5,51,4,9.4,28,2,110
5,52,4,9.5,29,2,110
5,52,4,9.6,23,2,110
5,52,4,10.1,23,2,110
5,52,4,10.2,17,2,110
5,52,4,10.3,13,2,110
5,52,4,10.4,13,2,110
5,53,4,10.5,14,2,110
5,57,4,10.6,17,2,110
5,57,4,11.1,17,2,110
5,57,4,11.2,16,2,110
5,58,4,11.3,13,2,110
5,58,5,11.4,13,3,110
5,59,5,11.5,14,3,110
5,59,5,11.6,14,3,110
5,60,5,12.1,14,3,110
5,61,5,12.2,15,3,110
5,61,5,12.3,14,3,110
5,62,5,12.4,15,3,110
5,62,5,12.5,15,3,110
5,62,5,12.6,15,3,110
5,62,5,13.1,15,2,110
5,63,5,13.2,16,2,110
5,63,5,13.3,16,2,110
5,63,5,13.4,16,1,110
5,64,5,13.5,17,1,110
5,65,5,13.6,17,1,110
5,71,5,14.1,22,1,110
5,71,5,14.2,21,1,110
5,71,6,14.3,20,2,110
5,72,6,14.4,21,2,110
5,73,6,14.5,21,2,110
5,77,6,14.6,25,2,110
5,77,6,15.1,25,2,110
5,78,6,15.2,26,2,110
5,78,6,15.3,26,2,110
5,78,6,15.4,26,2,110
5,79,6,15.4,26,2,110
5,81,6,15.5,24,2,110
5,82,6,15.6,25,2,110
5,82,6,16.1,25,2,110
5,83,6,16.1,25,2,110
5,89,6,16.2,31,1,110
5,95,6,16.3,36,1,110
5,96,6,16.4,37,1,110
5,102,6,16.5,42,1,110
5,102,6,16.6,41,1,110
5,103,6,17.1,42,1,110
5,103,6,17.2,41,1,110
5,104,6,17.3,42,1,110
5,104,7,17.4,42,2,110
5,105,7,17.5,43,2,110
5,105,8,17.6,42,3,110
5,106,8,18.1,43,3,110
5,110,8,18.2,47,3,110
5,110,9,18.3,46,4,110
5,110,10,18.4,45,5,110
6,0,0,0.1,0,0,166
6,0,0,0.2,0,0,166
6,0,0,0.3,0,0,166
6,0,0,0.4,0,0,166
6,1,0,0.5,1,0,166
6,1,0,0.6,1,0,166
6,5,0,1.1,5,0,166
6,5,0,1.2,5,0,166
6,5,0,1.3,5,0,166
6,5,0,1.4,5,0,166
6,6,0,1.5,6,0,166
6,6,0,1.6,6,0,166
6,10,0,2.1,10,0,166
6,10,0,2.2,10,0,166
6,10,0,2.3,10,0,166
6,16,0,2.4,16,0,166
6,16,0,2.5,16,0,166
6,16,0,2.6,16,0,166
6,20,0,3.1,20,0,166
6,20,0,3.2,20,0,166
6,20,0,3.3,20,0,166
6,20,0,3.4,20,0,166
6,24,0,3.5,24,0,166
6,24,0,3.6,24,0,166
6,24,0,4.1,24,0,166
6,24,0,4.2,24,0,166
6,28,0,4.3,28,0,166
6,34,0,4.4,34,0,166
6,34,1,4.5,34,1,166
6,38,1,4.6,38,1,166
6,39,1,5.1,39,1,166
6,45,1,5.2,45,1,166
6,49,1,5.3,49,1,166
6,53,1,5.4,53,1,166
6,53,1,5.5,52,1,166
6,54,1,5.6,53,1,166
6,55,1,6.1,50,1,166
6,56,1,6.2,51,1,166
6,56,2,6.3,51,2,166
6,56,2,6.4,51,2,166
6,57,2,6.5,51,2,166
6,59,2,6.6,53,2,166
6,60,2,7,50,2,166
6,61,2,7.1,51,2,166
6,64,2,7.2,54,2,166
6,64,3,7.3,48,3,166
6,68,3,7.4,52,3,166
6,69,3,7.4,53,3,166
6,70,3,7.5,50,3,166
6,71,3,8.6,51,3,166
6,71,3,8.1,51,3,166
6,72,3,8.2,52,3,166
6,73,3,8.3,49,3,166
6,73,3,8.4,49,3,166
6,73,4,8.5,49,4,166
6,73,4,9.6,49,4,166
6,77,4,9.1,49,4,166
6,81,4,9.2,47,4,166
6,82,4,9.3,48,3,166
6,82,4,9.4,44,3,166
6,82,4,9.5,43,3,166
6,83,4,10.6,38,3,166
6,84,4,10.1,35,3,166
6,84,4,10.2,31,3,166
6,84,4,10.3,31,3,166
6,85,4,10.4,31,3,166
6,85,4,10.5,30,3,166
6,86,4,11.6,30,3,166
6,87,4,11.1,31,2,166
6,88,4,11.2,32,2,166
6,89,4,11.3,32,2,166
6,93,4,11.4,34,2,166
6,97,4,11.5,37,2,166
6,98,4,12.6,37,2,166
6,98,4,12.1,34,2,166
6,98,4,12.2,34,1,166
6,100,4,12.3,32,1,166
6,101,4,12.4,32,1,166
6,101,4,12.5,31,1,166
6,107,4,13.6,36,1,166
6,107,4,13.1,36,1,166
6,111,4,13.2,39,1,166
6,112,4,13.3,39,1,166
6,112,4,13.4,39,1,166
6,112,4,13.5,39,0,166
6,113,4,14.6,40,0,166
6,113,4,14.1,36,0,166
6,113,4,14.2,32,0,166
6,114,4,14.3,32,0,166
6,114,4,14.4,32,0,166
6,115,4,14.5,33,0,166
6,121,4,15.6,38,0,166
6,127,4,15.1,43,0,166
6,127,4,15.2,43,0,166
6,128,4,15.3,44,0,166
6,128,4,15.4,43,0,166
6,128,4,15.5,43,0,166
6,128,4,16.6,42,0,166
6,129,4,16.1,42,0,166
6,135,4,16.2,47,0,166
6,136,4,16.3,47,0,166
6,136,5,16.4,43,1,166
6,136,5,16.5,39,1,166
6,136,5,17.6,38,1,166
6,136,6,17.1,38,2,166
6,136,6,17.2,38,2,166
6,136,7,17.3,36,3,166
6,136,7,17.4,35,3,166
6,138,7,17.5,37,3,166
6,140,7,18.6,33,3,166
6,141,7,18.1,34,3,166
6,145,7,18.2,34,3,166
6,147,7,18.3,35,3,166
6,148,7,18.4,36,3,166
6,149,8,18.5,37,4,166
6,153,8,19.6,40,4,166
6,155,8,19,42,4,166
6,156,8,19.1,43,4,166
6,156,8,19.2,42,4,166
6,158,8,19.3,44,4,166
6,162,8,19.4,47,4,166
6,166,8,19.5,45,4,166
7,0,0,0.1,0,0,142
7,0,0,0.2,0,0,142
7,1,0,0.3,1,0,142
7,1,0,0.4,1,0,142
7,1,0,0.5,1,0,142
7,1,0,0.6,1,0,142
7,1,0,1.1,1,0,142
7,1,0,1.2,1,0,142
7,7,0,1.3,7,0,142
7,7,0,1.4,7,0,142
7,9,0,1.5,9,0,142
7,9,1,1.6,9,1,142
7,9,1,2.1,9,1,142
7,11,1,2.2,11,1,142
7,11,1,2.3,11,1,142
7,11,1,2.4,11,1,142
7,11,1,2.5,11,1,142
7,15,1,2.6,15,1,142
7,15,1,3.1,15,1,142
7,15,1,3.2,15,1,142
7,15,1,3.3,15,1,142
7,16,1,3.4,16,1,142
7,16,1,3.5,16,1,142
7,16,1,3.6,16,1,142
7,17,1,4.1,17,1,142
7,19,1,4.2,19,1,142
7,23,1,4.3,23,1,142
7,23,1,4.4,23,1,142
7,23,1,4.5,23,1,142
7,23,1,4.6,23,1,142
7,23,2,5.1,23,2,142
7,23,2,5.2,23,2,142
7,23,2,5.3,22,2,142
7,23,2,5.4,22,2,142
7,25,2,5.5,24,2,142
7,25,2,5.6,24,2,142
7,26,2,6.1,25,2,142
7,30,2,6.2,29,2,142
7,34,2,6.3,27,2,142
7,34,2,6.4,27,2,142
7,34,2,6.5,25,2,142
7,34,2,6.6,25,1,142
7,35,2,7.1,26,1,142
7,36,2,7.2,25,1,142
7,36,2,7.3,25,1,142
7,36,2,7.4,25,1,142
7,36,2,7.5,25,1,142
7,36,3,7.6,21,2,142
7,40,3,8.1,25,2,142
7,40,3,8.2,25,2,142
7,41,3,8.3,26,2,142
7,42,3,8.4,26,2,142
7,42,3,8.5,26,2,142
7,43,3,8.6,27,2,142
7,44,3,9,27,2,142
7,45,3,9.1,26,2,142
7,45,4,9.2,22,3,142
7,45,4,9.3,22,3,142
7,45,4,9.4,22,3,142
7,45,4,9.5,22,3,142
7,45,4,9.6,22,2,142
7,45,4,10.1,22,2,142
7,45,4,10.2,22,2,142
7,45,4,10.3,22,2,142
7,49,4,10.4,24,2,142
7,53,4,10.5,28,2,142
7,54,4,10.6,28,2,142
7,56,4,11.1,26,2,142
7,56,4,11.2,22,2,142
7,57,4,11.3,23,2,142
7,58,4,11.4,24,2,142
7,59,4,11.5,25,2,142
7,60,4,11.6,25,2,142
7,60,5,12.1,24,3,142
7,60,5,12.2,24,3,142
7,60,5,12.3,24,3,142
7,61,5,12.4,25,3,142
7,62,5,12.5,26,2,142
7,62,5,12.6,22,2,142
7,63,5,13.1,23,2,142
7,64,5,13.2,23,2,142
7,65,5,13.3,23,2,142
7,66,5,13.4,24,2,142
7,67,5,13.5,24,2,142
7,68,5,13.6,24,2,142
7,69,5,14.1,24,2,142
7,70,5,14.2,25,1,142
7,71,5,14.3,26,1,142
7,71,5,14.4,26,1,142
7,72,5,14.5,27,1,142
7,73,5,14.6,28,1,142
7,73,5,15.1,28,1,142
7,74,5,15.2,29,1,142
7,80,5,15.3,35,1,142
7,81,5,15.4,32,1,142
7,82,5,15.5,29,1,142
7,82,5,15.6,28,1,142
7,82,6,16.1,26,2,142
7,83,6,16.2,27,2,142
7,83,6,16.3,26,2,142
7,89,6,16.4,31,2,142
7,90,6,16.5,31,2,142
7,90,6,16.6,30,2,142
7,96,6,17.1,36,1,142
7,102,6,17.2,42,1,142
7,106,6,17.3,46,1,142
7,110,6,17.4,49,1,142
7,114,6,17.5,52,1,142
7,116,6,17.6,54,1,142
7,118,6,18.1,55,1,142
7,122,6,18.2,58,1,142
7,123,6,18.3,58,1,142
7,123,7,18.4,57,2,142
7,124,7,18.5,57,2,142
7,128,7,18.6,60,2,142
7,129,7,19.1,60,2,142
7,129,8,19.2,59,3,142
7,130,8,19.3,59,3,142
7,131,8,19.4,60,3,142
7,133,8,19.5,61,3,142
7,140,8,19.5,67,3,142
7,142,8,19.6,69,3,142
8,1,0,0,1,0,208
8,1,0,0.1,1,0,208
8,1,0,0.2,1,0,208
8,1,0,0.3,1,0,208
8,5,0,0.4,5,0,208
8,5,0,0.5,5,0,208
8,7,0,0.6,7,0,208
8,7,0,1.1,7,0,208
8,8,0,1.2,8,0,208
8,8,0,1.3,8,0,208
8,12,0,1.4,12,0,208
8,12,0,1.5,12,0,208
8,16,0,1.6,16,0,208
8,16,0,2.1,16,0,208
8,20,0,2.2,20,0,208
8,26,0,2.3,26,0,208
8,26,0,2.4,26,0,208
8,30,0,2.5,30,0,208
8,34,0,2.6,34,0,208
8,34,1,3.1,34,1,208
8,34,1,3.2,34,1,208
8,34,1,3.3,34,1,208
8,34,1,3.4,34,1,208
8,34,1,3.5,34,1,208
8,35,1,3.6,35,1,208
8,35,1,4.1,35,1,208
8,35,1,4.2,35,1,208
8,39,1,4.3,39,1,208
8,39,2,4.4,39,2,208
8,39,2,4.5,39,2,208
8,40,2,4.6,39,2,208
8,41,2,5.1,40,2,208
8,42,2,5.1,41,2,208
8,46,2,5.2,45,2,208
8,50,2,5.3,45,2,208
8,51,2,5.4,46,2,208
8,52,2,5.4,45,2,208
8,53,2,5.5,46,2,208
8,53,2,5.6,45,2,208
8,53,2,6.1,45,2,208
8,54,2,6.2,42,2,208
8,55,2,6.3,43,2,208
8,55,2,6.4,39,2,208
8,56,2,6.5,40,2,208
8,58,2,6.5,38,2,208
8,59,2,6.6,33,2,208
8,59,2,7.1,33,2,208
8,60,2,7.2,30,2,208
8,61,2,7.3,27,2,208
8,62,2,7.4,28,1,208
8,63,2,7.5,29,1,208
8,64,2,7.6,30,1,208
8,64,2,8.1,30,1,208
8,64,2,8.2,30,1,208
8,65,2,8.3,30,1,208
8,69,2,8.4,34,1,208
8,70,2,8.5,35,1,208
8,72,2,8.6,33,1,208
8,72,2,9.1,33,0,208
8,73,2,9.2,34,0,208
8,79,2,9.3,39,0,208
8,80,2,9.4,39,0,208
8,81,2,9.5,39,0,208
8,82,2,9.6,36,0,208
8,88,2,10.1,38,0,208
8,89,2,10.2,38,0,208
8,90,2,10.3,38,0,208
8,91,2,10.4,38,0,208
8,95,2,10.5,42,0,208
8,96,2,10.6,43,0,208
8,96,2,11.1,42,0,208
8,97,2,11.2,42,0,208
8,101,2,11.3,46,0,208
8,105,2,11.4,49,0,208
8,110,2,11.4,52,0,208
8,111,2,11.5,52,0,208
8,112,2,11.6,53,0,208
8,113,2,12.1,53,0,208
8,113,2,12.2,52,0,208
8,114,2,12.3,52,0,208
8,118,2,12.4,55,0,208
8,119,2,12.5,55,0,208
8,123,2,12.6,59,0,208
8,123,2,13.1,59,0,208
8,124,2,13.2,59,0,208
8,130,2,13.3,61,0,208
8,130,2,13.4,60,0,208
8,131,2,13.5,59,0,208
8,137,2,13.6,65,0,208
8,139,2,14.1,66,0,208
8,140,2,14.2,61,0,208
8,141,2,14.3,61,0,208
8,143,2,14.4,62,0,208
8,143,2,14.5,61,0,208
8,143,3,14.6,55,1,208
8,144,3,15,55,1,208
8,148,3,15.1,58,1,208
8,148,3,15.2,57,1,208
8,152,3,15.3,57,1,208
8,153,3,15.4,57,1,208
8,157,3,15.5,61,1,208
8,158,3,15.6,61,1,208
8,162,3,16.1,61,1,208
8,163,3,16.2,58,1,208
8,164,3,16.3,54,1,208
8,165,3,16.4,54,1,208
8,167,3,16.5,55,1,208
8,168,3,16.6,55,1,208
8,172,3,17.1,59,1,208
8,173,3,17.2,59,1,208
8,177,3,17.3,59,1,208
8,181,3,17.4,62,1,208
8,182,3,17.5,59,1,208
8,182,3,17.6,59,1,208
8,182,3,18.1,58,1,208
8,187,3,18.1,57,1,208
8,187,3,18.2,57,1,208
8,188,3,18.3,57,1,208
8,192,3,18.4,55,1,208
8,194,3,18.5,55,1,208
8,194,4,18.6,54,2,208
8,200,4,19.1,59,2,208
8,201,4,19.2,58,2,208
8,205,4,19.3,62,2,208
8,206,4,19.4,63,1,208
8,206,5,19.5,62,2,208
8,208,5,19.6,60,2,208
9,0,0,0.1,0,0,214
9,4,0,0.2,4,0,214
9,4,0,0.3,4,0,214
9,4,0,0.4,4,0,214
9,8,0,0.5,8,0,214
9,12,0,0.6,12,0,214
9,13,0,1.1,13,0,214
9,14,0,1.2,14,0,214
9,18,0,1.3,18,0,214
9,18,0,1.4,18,0,214
9,18,0,1.5,18,0,214
9,22,0,1.6,22,0,214
9,22,0,2.1,22,0,214
9,22,1,2.2,22,1,214
9,22,1,2.3,22,1,214
9,26,1,2.4,26,1,214
9,32,1,2.5,32,1,214
9,32,2,2.6,32,2,214
9,33,2,3.1,33,2,214
9,33,2,3.2,33,2,214
9,33,2,3.3,33,2,214
9,33,2,3.4,33,2,214
9,33,2,3.5,33,2,214
9,33,2,3.6,33,2,214
9,33,2,4.1,33,2,214
9,37,2,4.2,37,2,214
9,41,2,4.3,41,2,214
9,41,2,4.4,41,2,214
9,44,2,4.5,44,2,214
9,48,2,4.6,48,2,214
9,48,2,5.1,48,2,214
9,52,2,5.2,48,2,214
9,52,2,5.3,48,2,214
9,52,2,5.4,48,2,214
9,53,2,5.4,45,2,214
9,57,2,5.5,45,2,214
9,58,2,5.6,45,2,214
9,58,2,6.1,44,2,214
9,59,2,6.2,41,2,214
9,59,2,6.3,41,2,214
9,60,2,6.4,42,2,214
9,60,2,6.5,38,2,214
9,61,2,6.6,39,2,214
9,67,2,7.1,45,1,214
9,68,2,7.2,46,1,214
9,69,2,7.3,43,1,214
9,70,2,7.4,38,1,214
9,71,2,7.5,39,0,214
9,72,2,7.6,39,0,214
9,74,2,8.1,41,0,214
9,75,2,8.2,42,0,214
9,75,3,8.3,42,1,214
9,76,3,8.4,43,1,214
9,77,3,8.5,44,1,214
9,78,3,8.6,45,1,214
9,79,3,9.1,42,1,214
9,83,3,9.2,42,1,214
9,83,3,9.3,42,1,214
9,84,3,9.4,40,1,214
9,84,3,9.5,36,1,214
9,85,3,9.6,37,1,214
9,86,3,10.1,34,1,214
9,87,3,10.2,35,1,214
9,87,3,10.3,35,1,214
9,88,3,10.4,35,1,214
9,89,3,10.4,32,1,214
9,95,3,10.5,37,1,214
9,99,3,10.6,41,1,214
9,99,3,11.1,40,1,214
9,100,3,11.2,41,1,214
9,101,3,11.3,41,1,214
9,101,3,11.4,41,1,214
9,102,3,11.5,41,1,214
9,108,3,11.6,41,1,214
9,109,3,12.1,41,1,214
9,111,3,12.2,42,1,214
9,117,3,12.3,47,1,214
9,118,3,12.4,47,1,214
9,118,3,12.5,46,1,214
9,118,3,12.6,44,1,214
9,119,3,13.1,44,1,214
9,121,3,13.2,46,0,214
9,127,3,13.3,51,0,214
9,128,3,13.4,51,0,214
9,129,3,13.5,51,0,214
9,129,3,13.6,50,0,214
9,133,3,14.1,50,0,214
9,134,3,14.1,51,0,214
9,135,3,14.2,51,0,214
9,136,3,14.3,52,0,214
9,138,3,14.4,53,0,214
9,142,3,14.5,56,0,214
9,148,3,14.6,61,0,214
9,149,3,15.1,62,0,214
9,153,3,15.2,65,0,214
9,154,3,15.3,65,0,214
9,158,3,15.4,63,0,214
9,159,3,15.5,60,0,214
9,160,3,15.6,61,0,214
9,161,3,16.1,61,0,214
9,165,3,16.2,64,0,214
9,169,3,16.3,68,0,214
9,171,3,16.4,69,0,214
9,171,3,16.5,63,0,214
9,171,3,16.6,62,0,214
9,177,3,17.1,66,0,214
9,178,3,17.2,61,0,214
9,179,3,17.3,61,0,214
9,185,3,17.4,67,0,214
9,186,3,17.5,68,0,214
9,186,4,17.6,67,1,214
9,190,4,18.1,69,1,214
9,191,4,18.2,64,1,214
9,195,4,18.3,67,1,214
9,196,4,18.3,67,1,214
9,197,4,18.3,68,1,214
9,198,4,18.4,65,1,214
9,199,4,18.5,65,1,214
9,203,4,18.6,68,1,214
9,203,4,19.1,67,1,214
9,204,4,19.1,66,1,214
9,208,4,19.2,66,1,214
9,212,4,19.3,64,1,214
9,212,4,19.4,63,1,214
9,214,4,19.5,61,1,214
9,214,5,19.6,60,2,214
10,0,0,0.1,0,0,182
10,0,0,0.2,0,0,182
10,1,0,0.3,1,0,182
10,2,0,0.4,2,0,182
10,2,0,0.5,2,0,182
10,2,0,0.6,2,0,182
10,7,0,1.1,7,0,182
10,7,0,1.2,7,0,182
10,8,0,1.3,8,0,182
10,8,1,1.4,8,1,182
10,8,1,1.5,8,1,182
10,8,1,1.6,8,1,182
10,9,1,2.1,9,1,182
10,9,1,2.2,9,1,182
10,13,1,2.3,13,1,182
10,14,1,2.4,14,1,182
10,14,1,2.5,14,1,182
10,15,1,2.6,15,1,182
10,15,1,3.1,15,1,182
10,15,1,3.2,15,1,182
10,16,1,3.3,16,1,182
10,20,1,3.4,20,1,182
10,21,1,3.5,21,1,182
10,25,1,3.6,25,1,182
10,29,1,4.1,29,1,182
10,30,1,4.1,30,1,182
10,30,1,4.2,30,1,182
10,34,1,4.3,34,1,182
10,38,1,4.4,38,1,182
10,40,1,4.5,40,1,182
10,43,1,4.6,43,1,182
10,43,1,5.1,43,1,182
10,45,1,5.2,44,1,182
10,51,1,5.3,49,1,182
10,51,1,5.4,49,1,182
10,55,1,5.5,53,1,182
10,56,1,5.5,49,1,182
10,60,1,5.6,53,1,182
10,61,1,6.1,53,1,182
10,65,1,6.2,57,0,182
10,66,1,6.3,58,0,182
10,68,1,6.4,60,0,182
10,69,1,6.5,60,0,182
10,70,1,6.6,61,0,182
10,74,1,7.1,61,0,182
10,75,1,7.2,61,0,182
10,75,1,7.3,61,0,182
10,75,1,7.4,60,0,182
10,81,1,7.5,66,0,182
10,81,1,7.6,66,0,182
10,81,2,8.1,65,1,182
10,83,2,8.2,63,1,182
10,84,2,8.3,63,1,182
10,85,2,8.4,60,1,182
10,86,2,8.5,57,1,182
10,86,2,8.6,56,1,182
10,87,2,9.1,57,1,182
10,89,2,9.2,55,1,182
10,91,2,9.3,53,1,182
10,91,2,9.4,51,1,182
10,92,2,9.5,49,1,182
10,94,2,9.6,51,1,182
10,95,2,10.1,50,1,182
10,101,2,10.2,50,1,182
10,105,2,10.3,54,1,182
10,106,2,10.4,51,1,182
10,107,2,10.5,51,1,182
10,107,3,10.6,47,2,182
10,107,3,11.1,46,2,182
10,108,3,11.2,43,2,182
10,108,3,11.3,42,2,182
10,109,3,11.4,41,2,182
10,109,3,11.5,40,2,182
10,110,3,11.6,40,2,182
10,111,3,12.1,37,2,182
10,113,3,12.2,38,2,182
10,113,3,12.3,38,2,182
10,114,3,12.4,39,2,182
10,115,3,12.5,34,2,182
10,116,3,12.6,35,2,182
10,117,3,13.1,36,1,182
10,118,3,13.2,35,1,182
10,119,3,13.3,35,1,182
10,121,3,13.4,36,1,182
10,121,4,13.5,35,2,182
10,122,4,13.6,36,2,182
10,123,4,14.1,36,2,182
10,127,4,14.2,38,2,182
10,127,4,14.3,36,2,182
10,131,4,14.4,40,2,182
10,132,4,14.5,40,2,182
10,138,4,14.6,44,2,182
10,142,4,15.1,47,2,182
10,142,4,15.2,41,2,182
10,142,4,15.3,37,2,182
10,143,4,15.4,37,2,182
10,145,4,15.5,38,2,182
10,146,4,15.6,39,1,182
10,147,4,16.1,40,1,182
10,151,4,16.2,43,1,182
10,152,4,16.3,44,1,182
10,152,5,16.4,43,2,182
10,152,5,16.5,43,2,182
10,152,5,16.6,42,2,182
10,154,5,17.1,43,2,182
10,155,5,17.2,42,2,182
10,155,5,17.3,42,2,182
10,155,6,17.4,41,3,182
10,156,6,17.5,41,3,182
10,157,6,17.5,41,3,182
10,157,6,17.6,40,3,182
10,159,6,18.1,41,3,182
10,159,7,18.2,40,4,182
10,163,7,18.3,42,4,182
10,163,7,18.4,42,3,182
10,167,7,18.5,45,3,182
10,169,7,18.5,46,3,182
10,169,8,18.6,42,4,182
10,170,8,19.1,43,4,182
10,170,9,19.2,39,5,182
10,174,9,19.3,42,5,182
10,175,9,19.4,37,5,182
10,181,9,19.5,39,5,182
10,182,10,19.6,40,6,182
